{"cameraMode":{"drawMode":0,"name":"Shaded","section":"Shading Mode"},"sceneLighting":false,"audioPlay":false,"sceneViewState":{"showFog":true,"showMaterialUpdate":false,"showSkybox":true,"showFlares":true,"showImageEffects":true,"showParticleSystems":true},"in2DMode":false,"pivot":{"x":463.8189697265625,"y":261.92376708984377,"z":13.149999618530274},"rotation":{"x":-0.015303813852369786,"y":0.02609250880777836,"z":-0.00039928811020217836,"w":-0.9995423555374146},"size":972.2022705078125,"orthographic":false}